label,sampler,schedule_kind,blend,nfe,actual_nfe,eta,cfg,omega,anneal,omega_start,omega_end,FID,IS,IS_std,seconds,model
G4_n20_w0.5_e0.0,ddim,cosine,1.0,20,20,0.0,1.0,0.5,0,0.5,0.5,76.35,5.235,0.2,41.0,ema_100000
G4_n20_w0.5_e0.5,ddim,cosine,1.0,20,20,0.5,1.0,0.5,0,0.5,0.5,68.755,5.33,0.226,40.6,ema_100000
G4_n20_w0.5_e1.0,ddim,cosine,1.0,20,20,1.0,1.0,0.5,0,0.5,0.5,63.987,5.059,0.233,40.6,ema_100000
G4_n20_w1.0_e0.0,ddim,cosine,1.0,20,20,0.0,1.0,1.0,0,1.0,1.0,70.928,5.586,0.225,40.9,ema_100000
G4_n20_w1.0_e0.5,ddim,cosine,1.0,20,20,0.5,1.0,1.0,0,1.0,1.0,63.097,5.588,0.204,40.5,ema_100000
G4_n20_w1.0_e1.0,ddim,cosine,1.0,20,20,1.0,1.0,1.0,0,1.0,1.0,54.914,5.703,0.127,40.9,ema_100000
G4_n20_w1.5_e0.0,ddim,cosine,1.0,20,20,0.0,1.0,1.5,0,1.5,1.5,65.87,5.91,0.265,40.9,ema_100000
G4_n20_w1.5_e0.5,ddim,cosine,1.0,20,20,0.5,1.0,1.5,0,1.5,1.5,61.953,6.073,0.094,41.2,ema_100000
G4_n20_w1.5_e1.0,ddim,cosine,1.0,20,20,1.0,1.0,1.5,0,1.5,1.5,54.043,6.092,0.302,41.0,ema_100000
G4_n20_w2.0_e0.0,ddim,cosine,1.0,20,20,0.0,1.0,2.0,0,2.0,2.0,67.233,5.889,0.219,40.5,ema_100000
G4_n20_w2.0_e0.5,ddim,cosine,1.0,20,20,0.5,1.0,2.0,0,2.0,2.0,60.411,6.222,0.261,40.9,ema_100000
G4_n20_w2.0_e1.0,ddim,cosine,1.0,20,20,1.0,1.0,2.0,0,2.0,2.0,54.225,6.508,0.224,40.9,ema_100000
G4_n20_w3.0_e0.0,ddim,cosine,1.0,20,20,0.0,1.0,3.0,0,3.0,3.0,65.357,6.296,0.266,40.3,ema_100000
G4_n20_w3.0_e0.5,ddim,cosine,1.0,20,20,0.5,1.0,3.0,0,3.0,3.0,62.461,6.541,0.288,41.0,ema_100000
G4_n20_w3.0_e1.0,ddim,cosine,1.0,20,20,1.0,1.0,3.0,0,3.0,3.0,58.194,6.774,0.209,40.8,ema_100000
G4_n50_w0.5_e0.0,ddim,cosine,1.0,50,50,0.0,1.0,0.5,0,0.5,0.5,47.011,5.963,0.313,89.4,ema_100000
G4_n50_w0.5_e0.5,ddim,cosine,1.0,50,50,0.5,1.0,0.5,0,0.5,0.5,40.077,5.921,0.29,89.5,ema_100000
G4_n50_w0.5_e1.0,ddim,cosine,1.0,50,50,1.0,1.0,0.5,0,0.5,0.5,40.565,5.717,0.292,89.5,ema_100000
G4_n50_w1.0_e0.0,ddim,cosine,1.0,50,50,0.0,1.0,1.0,0,1.0,1.0,40.415,6.397,0.343,89.8,ema_100000
G4_n50_w1.0_e0.5,ddim,cosine,1.0,50,50,0.5,1.0,1.0,0,1.0,1.0,34.568,6.515,0.323,89.4,ema_100000
G4_n50_w1.0_e1.0,ddim,cosine,1.0,50,50,1.0,1.0,1.0,0,1.0,1.0,32.55,6.386,0.274,89.7,ema_100000
G4_n50_w1.5_e0.0,ddim,cosine,1.0,50,50,0.0,1.0,1.5,0,1.5,1.5,37.493,6.835,0.243,89.3,ema_100000
G4_n50_w1.5_e0.5,ddim,cosine,1.0,50,50,0.5,1.0,1.5,0,1.5,1.5,30.709,6.985,0.202,89.5,ema_100000
G4_n50_w1.5_e1.0,ddim,cosine,1.0,50,50,1.0,1.0,1.5,0,1.5,1.5,29.938,6.918,0.205,89.1,ema_100000
G4_n50_w2.0_e0.0,ddim,cosine,1.0,50,50,0.0,1.0,2.0,0,2.0,2.0,36.862,7.071,0.101,89.3,ema_100000
G4_n50_w2.0_e0.5,ddim,cosine,1.0,50,50,0.5,1.0,2.0,0,2.0,2.0,32.063,7.171,0.218,89.4,ema_100000
G4_n50_w2.0_e1.0,ddim,cosine,1.0,50,50,1.0,1.0,2.0,0,2.0,2.0,30.471,7.222,0.277,89.3,ema_100000
G4_n50_w3.0_e0.0,ddim,cosine,1.0,50,50,0.0,1.0,3.0,0,3.0,3.0,38.893,7.313,0.222,89.4,ema_100000
G4_n50_w3.0_e0.5,ddim,cosine,1.0,50,50,0.5,1.0,3.0,0,3.0,3.0,36.337,7.596,0.215,89.2,ema_100000
G4_n50_w3.0_e1.0,ddim,cosine,1.0,50,50,1.0,1.0,3.0,0,3.0,3.0,34.649,7.496,0.32,89.8,ema_100000
G4T_n20_w0.5_e0.0,ddim,cosine,1.0,20,20,0.0,1.0,0.5,0,0.5,0.5,71.876,5.386,0.162,41.1,ema_final
G4T_n20_w0.5_e0.5,ddim,cosine,1.0,20,20,0.5,1.0,0.5,0,0.5,0.5,63.734,5.531,0.19,41.3,ema_final
G4T_n20_w0.5_e1.0,ddim,cosine,1.0,20,20,1.0,1.0,0.5,0,0.5,0.5,59.863,5.234,0.203,41.0,ema_final
G4T_n20_w1.0_e0.0,ddim,cosine,1.0,20,20,0.0,1.0,1.0,0,1.0,1.0,64.742,5.972,0.262,41.4,ema_final
G4T_n20_w1.0_e0.5,ddim,cosine,1.0,20,20,0.5,1.0,1.0,0,1.0,1.0,56.48,6.165,0.18,41.2,ema_final
G4T_n20_w1.0_e1.0,ddim,cosine,1.0,20,20,1.0,1.0,1.0,0,1.0,1.0,50.734,6.086,0.229,41.5,ema_final
G4T_n20_w1.5_e0.0,ddim,cosine,1.0,20,20,0.0,1.0,1.5,0,1.5,1.5,59.618,6.531,0.303,41.3,ema_final
G4T_n20_w1.5_e0.5,ddim,cosine,1.0,20,20,0.5,1.0,1.5,0,1.5,1.5,54.819,6.352,0.299,41.4,ema_final
G4T_n20_w1.5_e1.0,ddim,cosine,1.0,20,20,1.0,1.0,1.5,0,1.5,1.5,49.215,6.566,0.298,41.4,ema_final
G4T_n20_w2.0_e0.0,ddim,cosine,1.0,20,20,0.0,1.0,2.0,0,2.0,2.0,59.369,6.326,0.24,41.3,ema_final
G4T_n20_w2.0_e0.5,ddim,cosine,1.0,20,20,0.5,1.0,2.0,0,2.0,2.0,54.474,6.77,0.259,41.3,ema_final
G4T_n20_w2.0_e1.0,ddim,cosine,1.0,20,20,1.0,1.0,2.0,0,2.0,2.0,49.089,6.889,0.149,41.4,ema_final
G4T_n20_w3.0_e0.0,ddim,cosine,1.0,20,20,0.0,1.0,3.0,0,3.0,3.0,58.015,6.879,0.268,40.8,ema_final
G4T_n20_w3.0_e0.5,ddim,cosine,1.0,20,20,0.5,1.0,3.0,0,3.0,3.0,55.463,6.934,0.199,40.9,ema_final
G4T_n20_w3.0_e1.0,ddim,cosine,1.0,20,20,1.0,1.0,3.0,0,3.0,3.0,53.514,7.255,0.322,41.3,ema_final
G4T_n50_w0.5_e0.0,ddim,cosine,1.0,50,50,0.0,1.0,0.5,0,0.5,0.5,41.376,6.156,0.087,89.7,ema_final
G4T_n50_w0.5_e0.5,ddim,cosine,1.0,50,50,0.5,1.0,0.5,0,0.5,0.5,36.329,6.091,0.286,89.8,ema_final
G4T_n50_w0.5_e1.0,ddim,cosine,1.0,50,50,1.0,1.0,0.5,0,0.5,0.5,38.976,5.682,0.261,89.6,ema_final
G4T_n50_w1.0_e0.0,ddim,cosine,1.0,50,50,0.0,1.0,1.0,0,1.0,1.0,34.01,6.708,0.267,89.4,ema_final
G4T_n50_w1.0_e0.5,ddim,cosine,1.0,50,50,0.5,1.0,1.0,0,1.0,1.0,30.182,6.783,0.278,89.7,ema_final
G4T_n50_w1.0_e1.0,ddim,cosine,1.0,50,50,1.0,1.0,1.0,0,1.0,1.0,30.661,6.638,0.347,89.7,ema_final
G4T_n50_w1.5_e0.0,ddim,cosine,1.0,50,50,0.0,1.0,1.5,0,1.5,1.5,31.815,7.126,0.183,89.6,ema_final
G4T_n50_w1.5_e0.5,ddim,cosine,1.0,50,50,0.5,1.0,1.5,0,1.5,1.5,28.134,7.269,0.24,89.6,ema_final
G4T_n50_w1.5_e1.0,ddim,cosine,1.0,50,50,1.0,1.0,1.5,0,1.5,1.5,27.801,7.25,0.19,90.0,ema_final
G4T_n50_w2.0_e0.0,ddim,cosine,1.0,50,50,0.0,1.0,2.0,0,2.0,2.0,31.281,7.739,0.319,89.2,ema_final
G4T_n50_w2.0_e0.5,ddim,cosine,1.0,50,50,0.5,1.0,2.0,0,2.0,2.0,28.266,7.687,0.355,89.4,ema_final
G4T_n50_w2.0_e1.0,ddim,cosine,1.0,50,50,1.0,1.0,2.0,0,2.0,2.0,28.89,7.442,0.292,89.4,ema_final
G4T_n50_w3.0_e0.0,ddim,cosine,1.0,50,50,0.0,1.0,3.0,0,3.0,3.0,34.391,7.849,0.37,89.4,ema_final
G4T_n50_w3.0_e0.5,ddim,cosine,1.0,50,50,0.5,1.0,3.0,0,3.0,3.0,32.317,7.847,0.371,89.6,ema_final
G4T_n50_w3.0_e1.0,ddim,cosine,1.0,50,50,1.0,1.0,3.0,0,3.0,3.0,33.039,7.892,0.282,89.4,ema_final
